<?xml version = '1.0' encoding = 'UTF-8'?>
<ns2:References xmlns:ns2="http://xmlns.oracle.com/adf/jndi">
   <Reference className="oracle.jdeveloper.db.adapter.DatabaseProvider" name="ap">
      <Factory className="oracle.jdeveloper.db.adapter.DatabaseProviderFactory"/>
      <RefAddresses>
         <StringRefAddr addrType="OracleConnectionType">
            <Contents>BASIC</Contents>
         </StringRefAddr>
         <StringRefAddr addrType="oraDriverType">
            <Contents>thin</Contents>
         </StringRefAddr>
         <StringRefAddr addrType="sid">
            <Contents>xe</Contents>
         </StringRefAddr>
         <StringRefAddr addrType="port">
            <Contents>1521</Contents>
         </StringRefAddr>
         <StringRefAddr addrType="user">
            <Contents>ap</Contents>
         </StringRefAddr>
         <StringRefAddr addrType="role">
            <Contents/>
         </StringRefAddr>
         <StringRefAddr addrType="NoPasswordConnection">
            <Contents>TRUE</Contents>
         </StringRefAddr>
         <StringRefAddr addrType="subtype">
            <Contents>oraJDBC</Contents>
         </StringRefAddr>
         <StringRefAddr addrType="OS_AUTHENTICATION">
            <Contents>false</Contents>
         </StringRefAddr>
         <StringRefAddr addrType="ConnName">
            <Contents>ap</Contents>
         </StringRefAddr>
         <StringRefAddr addrType="RaptorConnectionType">
            <Contents>Oracle</Contents>
         </StringRefAddr>
         <StringRefAddr addrType="hostname">
            <Contents>localhost</Contents>
         </StringRefAddr>
         <StringRefAddr addrType="customUrl">
            <Contents>jdbc:oracle:thin:@localhost:1521:xe</Contents>
         </StringRefAddr>
         <StringRefAddr addrType="SavePassword">
            <Contents>true</Contents>
         </StringRefAddr>
         <StringRefAddr addrType="password">
            <Contents>056A0AD455472AFBDF3E740487C8ED5AB9</Contents>
         </StringRefAddr>
         <StringRefAddr addrType="driver">
            <Contents>oracle.jdbc.OracleDriver</Contents>
         </StringRefAddr>
      </RefAddresses>
   </Reference>
   <Reference className="oracle.jdeveloper.db.adapter.DatabaseProvider" name="om">
      <Factory className="oracle.jdeveloper.db.adapter.DatabaseProviderFactory"/>
      <RefAddresses>
         <StringRefAddr addrType="OracleConnectionType">
            <Contents>BASIC</Contents>
         </StringRefAddr>
         <StringRefAddr addrType="oraDriverType">
            <Contents>thin</Contents>
         </StringRefAddr>
         <StringRefAddr addrType="sid">
            <Contents>xe</Contents>
         </StringRefAddr>
         <StringRefAddr addrType="port">
            <Contents>1521</Contents>
         </StringRefAddr>
         <StringRefAddr addrType="user">
            <Contents>om</Contents>
         </StringRefAddr>
         <StringRefAddr addrType="role">
            <Contents/>
         </StringRefAddr>
         <StringRefAddr addrType="NoPasswordConnection">
            <Contents>TRUE</Contents>
         </StringRefAddr>
         <StringRefAddr addrType="subtype">
            <Contents>oraJDBC</Contents>
         </StringRefAddr>
         <StringRefAddr addrType="OS_AUTHENTICATION">
            <Contents>false</Contents>
         </StringRefAddr>
         <StringRefAddr addrType="ConnName">
            <Contents>om</Contents>
         </StringRefAddr>
         <StringRefAddr addrType="RaptorConnectionType">
            <Contents>Oracle</Contents>
         </StringRefAddr>
         <StringRefAddr addrType="hostname">
            <Contents>localhost</Contents>
         </StringRefAddr>
         <StringRefAddr addrType="customUrl">
            <Contents>jdbc:oracle:thin:@localhost:1521:xe</Contents>
         </StringRefAddr>
         <StringRefAddr addrType="SavePassword">
            <Contents>false</Contents>
         </StringRefAddr>
         <StringRefAddr addrType="driver">
            <Contents>oracle.jdbc.OracleDriver</Contents>
         </StringRefAddr>
      </RefAddresses>
   </Reference>
   <Reference className="oracle.jdeveloper.db.adapter.DatabaseProvider" name="ex">
      <Factory className="oracle.jdeveloper.db.adapter.DatabaseProviderFactory"/>
      <RefAddresses>
         <StringRefAddr addrType="OracleConnectionType">
            <Contents>BASIC</Contents>
         </StringRefAddr>
         <StringRefAddr addrType="oraDriverType">
            <Contents>thin</Contents>
         </StringRefAddr>
         <StringRefAddr addrType="sid">
            <Contents>xe</Contents>
         </StringRefAddr>
         <StringRefAddr addrType="port">
            <Contents>1521</Contents>
         </StringRefAddr>
         <StringRefAddr addrType="user">
            <Contents>ex</Contents>
         </StringRefAddr>
         <StringRefAddr addrType="role">
            <Contents/>
         </StringRefAddr>
         <StringRefAddr addrType="NoPasswordConnection">
            <Contents>TRUE</Contents>
         </StringRefAddr>
         <StringRefAddr addrType="subtype">
            <Contents>oraJDBC</Contents>
         </StringRefAddr>
         <StringRefAddr addrType="OS_AUTHENTICATION">
            <Contents>false</Contents>
         </StringRefAddr>
         <StringRefAddr addrType="ConnName">
            <Contents>ex</Contents>
         </StringRefAddr>
         <StringRefAddr addrType="RaptorConnectionType">
            <Contents>Oracle</Contents>
         </StringRefAddr>
         <StringRefAddr addrType="hostname">
            <Contents>localhost</Contents>
         </StringRefAddr>
         <StringRefAddr addrType="customUrl">
            <Contents>jdbc:oracle:thin:@localhost:1521:xe</Contents>
         </StringRefAddr>
         <StringRefAddr addrType="SavePassword">
            <Contents>false</Contents>
         </StringRefAddr>
         <StringRefAddr addrType="driver">
            <Contents>oracle.jdbc.OracleDriver</Contents>
         </StringRefAddr>
      </RefAddresses>
   </Reference>
</ns2:References>